{"airbnb_0.": 0.1111111111111111, "airbnb_1.": 0.0, "airbnb_2.": 0.0, "airbnb_3.": 0, "airbnb_4.": 0.05, "airbnb_5.": 0.05, "airbnb_6.": 0.05555555555555555, "airbnb_7.": 0.0, "airbnb_8.": 0.05, "airbnb_9.": 0.012195121951219513, "DTU_entrepreneurship_0.": 0.03571428571428571, "DTU_entrepreneurship_1.": 0.0, "DTU_entrepreneurship_2.": 0.0, "DTU_entrepreneurship_3.": 0.0, "DTU_entrepreneurship_4.": 0.0, "DTU_entrepreneurship_5.": 0.0, "DTU_entrepreneurship_6.": 0, "DTU_entrepreneurship_7.": 0.5555555555555556, "DTU_entrepreneurship_8.": 0, "DTU_entrepreneurship_9.": 0.0, "imdb_0.": 0.0, "imdb_1.": 0.00398406374501992, "imdb_2.": 0.0, "imdb_3.": 0, "imdb_4.": 0, "imdb_5.": 0, "imdb_6.": 0.0, "imdb_7.": 0.7142857142857143, "imdb_8.": 0.5217391304347826, "imdb_9.": 1.0}